Diag,TP,TN,FP,FN,Prevalence,Accuracy,Precision,NPV,FDR,FOR,check_Pos,check_Neg,Recall (Sensitivity),FPR,FNR,TNR (Specificity),check_Pos2,check_Neg2,LR+,LR-,DOR,F1,MCC,BM,MK,Predicted Positive Ratio,ROC AUC,# of Positive Examples
New Diag: Borderline Intellectual Functioning,59.01,288.01,49.01,23.01,0.2,0.8281,0.5463,0.926,0.4537,0.074,1.0,1.0,0.7195,0.1454,0.2805,0.8546,1.0,1.0,4.9484,0.3282,1,0.6211,0.5207,0.5741,0.47230000000000016,0.26,0.8611493088224651,274.0
New Diag: Specific Learning Disorder with Impairment in Reading,95.01,230.01,77.01,17.01,0.27,0.7756,0.5523,0.9311,0.4477,0.0689,1.0,1.0,0.8482,0.2508,0.1518,0.7492,1.0,1.0,3.382,0.2026,1,0.669,0.5374,0.5973999999999999,0.48340000000000005,0.41,0.8587424383434156,371.0
New Diag: Specific Learning Disorder with Impairment in Mathematics,67.01,240.01,70.01,42.01,0.26,0.7327,0.4891,0.851,0.5109,0.149,1.0,1.0,0.6147,0.2258,0.3853,0.7742,1.0,1.0,2.7223,0.4977,1,0.5448,0.3636,0.3889,0.34010000000000007,0.33,0.7973068955312222,364.0
New Diag: Intellectual Disability-Mild,12.01,291.01,113.01,3.01,0.04,0.7231,0.0961,0.9898,0.9039,0.0102,1.0,1.0,0.7996,0.2797,0.2004,0.7203,1.0,1.0,2.8588,0.2782,1,0.1716,0.2112,0.5199,0.08590000000000009,0.3,0.7960396039603961,51.0
