Diag,TP,TN,FP,FN,Prevalence,Accuracy,Precision,NPV,FDR,FOR,check_Pos,check_Neg,Recall (Sensitivity),FPR,FNR,TNR (Specificity),check_Pos2,check_Neg2,LR+,LR-,DOR,F1,MCC,BM,MK,Predicted Positive Ratio,ROC AUC,# of Positive Examples
New Diag: Borderline Intellectual Functioning,68.01,227.01,110.01,14.01,0.2,0.704,0.382,0.9419,0.618,0.0581,1.0,1.0,0.8292,0.3264,0.1708,0.6736,1.0,1.0,2.5404,0.2536,1,0.523,0.4035,0.5028000000000001,0.3239000000000001,0.42,0.8582543243830065,274.0
New Diag: Specific Learning Disorder with Impairment in Reading,91.01,220.01,87.01,21.01,0.27,0.7422,0.5112,0.9128,0.4888,0.0872,1.0,1.0,0.8124,0.2834,0.1876,0.7166,1.0,1.0,2.8666,0.2618,1,0.6275,0.4737,0.5289999999999999,0.42399999999999993,0.42,0.8465565379246162,371.0
New Diag: Intellectual Disability-Mild,6.01,366.01,38.01,9.01,0.04,0.8878,0.1365,0.976,0.8635,0.024,1.0,1.0,0.4001,0.0941,0.5999,0.9059,1.0,1.0,4.2519,0.6622,1,0.2036,0.1856,0.30600000000000005,0.11250000000000004,0.11,0.791914191419142,51.0
New Diag: Specific Learning Disorder with Impairment in Mathematics,88.01,183.01,127.01,21.01,0.26,0.6468,0.4093,0.897,0.5907,0.103,1.0,1.0,0.8073,0.4097,0.1927,0.5903,1.0,1.0,1.9705,0.3264,1,0.5432,0.349,0.3976000000000002,0.3063,0.51,0.790559337081977,364.0
